PackageID,name,description,Returnable,Rate
35,BOX,OIL,0,0:00 
36,SHEGDI BAG,SHEGDI,0,0:00 
37,PATTA BANDAL,,0,0:00 
38,SPEAR PART BOX,,0,0:00 
39,PESTISIDE BOX,,0,0:00 
40,SHETI BOX,,0,0:00 
41,NUT BOLT BAG,,0,0:00 
42,SANMIKE ROLL,,0,0:00 
43,AGARBATTI BOX,,0,0:00 
44,PAPER BOX,,0,0:00 
45,AXEL 90 M.M,,0,0:00 
46,DISC,,0,0:00 
47,SHETI BAG,,0,0:00 
48,VACSINE BOX,,0,0:00 
49,PLASTIC ROLL,,0,0:00 
50,KAGAD ROLL,,0,0:00 
51,PLYWOOD PISCES,,0,0:00 
52,PUMP PETI 5.0 HP,,0,0:00 
53,PUMP ROLL,,0,0:00 
54,PUMP MOTAR 7.5 HP,,0,0:00 
55,BUMPER BANDAL,,0,0:00 
56,CHAKKI BOX,,0,0:00 
57,JACK,,0,0:00 
58,PIPE BUNDAL,,0,0:00 
59,SINGEL PIPE,,0,0:00 
60,GOAL PIPE BUNDAL,,0,0:00 
61,DARVAJA BUNDAL,,0,0:00 
62,10.00-20 TYRE,TYRE,0,0:00 
63,8.25-20 TYRE,,0,0:00 
64,8.25-16 TYRE,,0,0:00 
65,9.00-16 TYRE,,0,0:00 
66,FLEX ROLL,,0,0:00 
67,PUMP BOX,,0,0:00 
68,BAG BUNDAL,,0,0:00 
69,KAPAD GATH,,0,0:00 
70,7.00R15 TYRE,,0,0:00 
71,6.00-16 TYRE,,0,0:00 
72,COMPUTER BOX,,0,0:00 
73,BARAL,,0,0:00 
74,DRUM OIL,,0,0:00 
75,OIL BUCKET,OIL,0,0:00 
76,COLOUR BUCKET,COLOUR,0,0:00 
77,COLOUR BAG,,0,0:00 
78,14.9-28 TYRE,,0,0:00 
79,13.6-28 TYRE,,0,0:00 
80,16.9-28 TYRE,,0,0:00 
81,9.00-20 TYRE,TYRE,0,0:00 
82,BATTERY BOX,,0,0:00 
83,TUBE BAG,,0,0:00 
84,THIBAK BUNDAL,,0,0:00 
85,WALL POCKET,,0,0:00 
86,195/80R15 TYRE,,0,0:00 
87,3.00-18 TYRE,,0,0:00 
88,2.75-18 TYRE,,0,0:00 
89,145/80R12 TYRE,,0,0:00 
90,BIG BOX,,0,0:00 
91,SMALL BOX,,0,0:00 
92,145/R12 TYRE,,0,0:00 
93,195/80D15 TYRE,,0,0:00 
94,165/65R14 TYRE,,0,0:00 
95,145/70R12 TYRE,,0,0:00 
96,185/R14 TYRE,,0,0:00 
97,155/80D12 TYRE,,0,0:00 
98,175/65R14 TYRE,,0,0:00 
99,165/65R13 TYRE,,0,0:00 
100,175/70R14 TYRE,,0,0:00 
101,205/65R15 TYRE,,0,0:00 
102,155/70R13 TYRE,,0,0:00 
103,4.50-10 TYRE,,0,0:00 
104,7.50-16 TYRE,,0,0:00 
105,235/75R17 TYRE,,0,0:00 
106,7.00-16 TYRE,,0,0:00 
107,165/80D13 TYRE,,0,0:00 
108,215/75R15 TYRE,,0,0:00 
109,215/75R16 TYRE,,0,0:00 
110,185/65R15 TYRE,,0,0:00 
111,155R13 TYRE,,0,0:00 
112,185/70R14 TYRE,,0,0:00 
113,185/85R16 TYRE,,0,0:00 
114,11.00-20 TYRE,,0,0:00 
115,AXEL 80 M.M,,0,0:00 
116,AXEL 75 M.M,,0,0:00 
117,AXEL 50 M.M,,0,0:00 
118,HOOD BUNDAL,,0,0:00 
119, HALF,,0,0:00 
120,PUMP PETI 3.0 HP,,0,0:00 
121,PUMP PETI 7.5 HP,,0,0:00 
122,PUMP PETI 10.0 HP,,0,0:00 
123,PUMP PETI 12.5 HP,,0,0:00 
124,PUMP PETI 15.0 HP,,0,0:00 
125,PUMP PETI 20.0 HP,,0,0:00 
126,PUMP PETI 25.0 HP,,0,0:00 
127,PUMP MOTAR 3.0 HP,,0,0:00 
128,PUMP MOTAR 5.0 HP,,0,0:00 
129,TYRE BUNDAL,,0,0:00 
130,8.00-18 TYRE,,0,0:00 
131,COPPER BOX,,0,0:00 
132,P.U.C BOX,,0,0:00 
133,ELECTRICAL BOX,,0,0:00 
134,P.U.C GONI,,0,0:00 
135,PAPER ROLL,,0,0:00 
136,RUBBER BUNDAL,,0,0:00 
137,MEDICINE BOX,,,
138,TILES BOX,,0,0:00 
139,SHIT BUNDAL,,,
140,PEN BOX,PEN,0,0:00 
141,FEVICOL DRUM,FEVICOL,0,0:00 
142,COOKER BOX,COOKER BOX,0,0:00 
143,TUBE BUCKET,TUBE BUCKET,0,0:00 
144,TUBE BOX,TUBE BOX
,0,0:00 
145,STAND,STAND
,0,0:00 
146,PARSAL,PARSAL,0,0:00 
147,5.20-14 TYRE,TYRE,0,0:00 
148,BAG,,,
149,Abc,Abc,0,0:00 
150,CAR TYRE,TYRE,0,0:00 
151,COLOUR BOX,COLOUR,0,0:00 
152,SHEGDI BOX,SHEGDI,0,0:00 
153,GONI,GONI,0,0:00 
154,OIL BOX,OIL,0,0:00 
155,SPEAR PART LOSE,SPEAR PART,0,0:00 
156,10.,,,
157,185/60 R15,TYRE,0,0:00 
158,6.5016 TYRE,TYRE,0,0:00 
1158,PAPER BUNDAL,,,
1159,10 FIT PATTI BUNDAL,,,
1160,JODI PIPE,PIPE,0,0:00 
1161,195/70R15,,,
1162,12.4-28 TYRE,TYRE,0,0:00 
1163,CABEL BUNDAL,,,
1164,COLOUR DRUM,COLOUR,0,0:00 
1165,RIM,,,
1166,PIPE ,,,
1167,GONI BUNDAL,,,
1168,CAN,,0,0:00 
1169,DRUM,,0,0:00 
1170,18.4-30 TYRE,TYRE,0,0:00 
1171,5.00-12 TYRE,TYRE,0,0:00 
1172,11.2-24 TYRE,TYRE,0,0:00 
1173,Oil Barral,,,
1174,SPER,,,
1175,BIG DRUM,`,0,0:00 
1176,SMALL DRUM,,0,0:00 
1177,MEDICINE BAG,MEDICINE,0,0:00 
1178,3-,,,
1179,SHAFT,,,
1180,CAR TYRE BUNDAL,,,
1181,165/80R14 TYRE,TYRE,0,0:00 
1182,185/85R14,TYRE,0,0:00 
1183,235/65R17 TYRE,TYRE,0,0:00 
1184,ALUMINIUM SHEET,,,
1185,145/70R13 TYRE,TYRE,0,0:00 
1186,SPEAR  BOX,,,
1187,COLOUR TIN,TIN,0,0:00 
1188,CABEL DRUM,,,
1189, PETI ,,,
1190,MEDICINE BOX( MR),MEDICINE,0,0:00 
1191,PUMP PETI,PUMP PETI,0,0:00 
1192,205/60R15 TYRE,TYRE,0,0:00 
1193,3.00-17 TYRE,TYRE,0,0:00 
1194,COL,,,
1195,PETI,,,
1196,PLET,,,
1197,RASSI BUNDAL,,,
1198,CROWN PETI,,,
1199,155/65 R12 TYRE,TYRE,0,0:00 
1200,185/65 R14 TYRE,TYRE,0,0:00 
1201,155/65 R13 TYRE,TYRE,0,0:00 
1202,PLYWOOD PETI,,,
1203,BUCKET,,,
1204,MEDICINE CAN,,,
1205,BAG BUNA,,,
1206,D FREEZ,,,
1207,80/100-18 TYRE,TYRE,0,0:00 
1208,90/100-10 TYRE,TYRE,0,0:00 
1209,DT CEMENT 25 LT,,0,0:00 
1210,205/3250,,0,0:00 
1211,175/70 R13 TYRE,TYRE,0,0:00 
1212,185/85 R16 TYRE,TYRE,0,0:00 
1213,MEDICINE BUCKET,,0,0:00 
1214,OIL DRUM,,,
1215,OLD CAR TYRE,,,
1216,SPEAR BOX,,,
1217,TOMMI BUNDAL,,,
1218,8-18 TYRE,,,
1219,TWO WHEELER TYRE,,,
1220,GONI BOX,,,
1221,205/60R16 TYRE,TYRE,0,0:00 
1222,90/90-12 TYRE,TYRE,0,0:00 
1223,2.75-17 TYRE,TYRE,0,0:00 
1224,100/80-17 TYRE,TYRE,0,0:00 
1225,STAND BUNDAL,,,
1226,TADPADRI BUNDAL,,,
1227,14.00-20,,,
1228,ROLL,,,
1229,110/80-17 TYRE,TYRE,0,0:00 
1230,155/65 R14 TYRE,TYRE,0,0:00 
1231,185/80 D14 TYRE,TYRE,0,0:00 
1232,FEVICOL BOX,,,
1233,DARWA,,,
1234,KITCHEN TROLLY,,,
1235,100/90-18 TYRE,TYRE,0,0:00 
1236,215 R14,,,
1237,195 R15,,,
1238,165/80 D12 TYRE,,,
1239,23/1-26 TYRE,,,
1240,205/65 R16,,,
1241,MOTAR,,,
1242,195/60 R15,,,
1243,FRAME,,,
1244,AXEL,,,
1245,BUNDAL,,,
1246,CASTING PLATE,,,
1247,GONI PUMP,,,
1248,160LW-2520,,,
1249,205-3250,,,
1250,190-3150,,,
1251,RIM BUNDAL,,,
1252,185/65 R15 TYRE,,,
1253,PATTI,,,
1254,PATTI BUNADAL,,,
1255,WIREROOP BUNDAL,,,
1256,210-3250,,0,0:00 
1257,210-3240,,,
1258,6.50-16 TYRE,TYRE,0,0:00 
1259,100/90-17 TYRE,TYRE,0,0:00 
1260,165 D14 TYRE,TYRE,0,0:00 
1261,2.50-16 TYRE,TYRE,0,0:00 
1262,3.50-19 TYRE,TYRE,0,0:00 
1263,90/90-17 TYRE,TYRE,0,0:00 
1264,155 D12 TYRE,TYRE,0,0:00 
1265,130/70-17 TYRE,TYRE,0,0:00 
1266,3.00-10 TYRE,TYRE,0,0:00 
1267,220-3250,,,
1268,6.50-20 TYRE,TYRE,0,0:00 
1269,175/65 R14 TYRE,TYRE,0,0:00 
1270,170-3020,,,
1271,215-125 20KG,,,
1272,DRIP BUNDAL,,,
1273,6.5/80-12 TYRE,,,
1274,7.,,,
1275,295/ 80 R22.5 TYRE,TYRE,0,0:00 
1276,BAG BUNADAL,,,
1277,DARWAJA,,,
1278,LOOSE,,,
1279,170-2520,RUBER,0,0:00 
1280,CK BOX,,,
1281,170-2670,,,
1282,155/80 R13,,,
1283,230-3290,RUBBER,0,0:00 
1284,120.80-17,,,
1285,140/70-17 TYRE,TYRE,0,0:00 
1286,9.5-24 TYRE,TYRE,0,0:00 
1287,DOOR,,,
1288,MOTAR LOOSE,,,
1289,110/90-18 TYRE,,,
1290,140/60 R17 TYRE,TYRE,0,0:00 
1291,3.50-10 TYRE,TYRE,0,0:00 
1292,BAKET,,,
1293,195/70R14,,,
1294,215/65 R16 TYRE,TYRE,0,0:00 
1295,80/100-17 TYRE,TYRE,0,0:00 
1296,DT CUSHION 215-125,BOX,0,0:00 
1297,3.25-19 TYRE,TYRE,0,0:00 
1298,BAREL,,,
1299,90/100-17 TYRE,TYRE,0,0:00 
1300,150/60 R17 TYRE,TYRE,0,0:00 
1301,220-3240,RUBBER,0,0:00 
1302,165 D13 TYRE,TYRE,0,0:00 
1303,215/60 R16 TYRE,TYRE,0,0:00 
1304,185/70 R14 TYRE,TYRE,0,0:00 
1305,180/85 D12 TYRE,TYRE,0,0:00 
1306,F.78-15 8PR TYRE,TYRE,0,0:00 
1307,145/80 R13 TYRE,TYRE,0,0:00 
1308,165/ R14 TYRE,TYRE,0,0:00 
1309,90/90-19 TYRE,TYRE,0,0:00 
1310,CARETE,,,
1311,23.8-12 TYRE,,,
1312,GHADI,,,
1313,CHAIR BUNDAL,,,
1314,SEED BAG,,,
1315,185/70 R13 TYRE,,,
1316,16.,,,
1317,KAPAD ROLL,,,
1318,175/65 R15 TYRE,,,
1319,TUBE ,,,
1320,195/55 R16 TYRE,,,
1321,155/80R12 TYRE,,,
1322,GIFT BOX,,,
1323,JOD BOX,,,
1324,550-16 TYRE,,,
1325,80/100-10 TYRE,,,
1326,235/70 R16 TYRE,,,
1327,155 R13 TYRE,,,
1328,RETUN BOX,,,
1329,215/80 D14 TYRE,,,
1330,215/55 R17 TYRE,,,
1331,185/65 R16 TYRE,,,
1332,5.50-16 TYRE,,,
1333,275/15 R15 TYRE,,,
1334,235/55 R17 TYRE,,,
1335,ROD,,,
1336,168-2670,,,
1337,235/75 R17 TYRE,TYRE,0,0:00 
1338,235/75 R15 TYRE,,,
1339,120/80,,,
1340,14.00-25 TYRE,TYRE,0,0:00 
1341,4.00-18 TYRE,,,
1342,PLATE,,,
1343,NOS,,,
1344,185/85 R15,,,
1345,135/70 R12,,,
1346,155 R14,,,
1347,165 D12 TYRE,,,
2347,120/80-18 TYRE,,,
2348,120/80-17 TYRE,,,
2349,160-2510,,,
2350,225/75 R17 TYRE,,,
2351,265/65 R17 TYRE,,,
2352,195/65 R16 TYRE,,,
2353,MOTOR,,,
3353,5  .25  -24 TYRE,TYRE,0,0:00 
3354,CHAIN KIT,,,
3355,165/80 R15 TYRE,TYRE,0,0:00 
3356,205-3230,,,
3357,16.9-30 TYRE,,,
3358,6.50-10,,,
3359,6.50-10 TYRE,,,
3360,7.00-12 TYRE,,,
3361,PUMP MOTOR 15 HP,,,
3362,SEAT COVER GATH,,,
3363,SEAT CAR,,,
3364,SPA,,,
3365,PLANT,,,
3366,LOKHANDI PART,,,
3367,BOX(PATRA),,,
3368,BUMPER,,,
3369,SPARE PART,,,
3370,PUMP MOTOR,,,
3371,5.00-15 TYRE,TYRE,0,0:00 
3372,TANK,,,
3373,CHACI,,,
3374,BANDAL,,,
3375,8.00-16 TYRE,,,
3376,190/3250,,,
3377,PATRA,,,
3378,220/3250,,,
3379,CORGO,,,
3380,FREEJ,,,
3381,PUC GONI,,,
3382,PUC BOX,,,
3383,BELT BUNDAL,,,
3384,MACHIN,,,
3385,PLANT RAK,,,
3386,MCH,,,
3387,BOX BANDAL,,,
3388,BAMPAR,,,
3389,ROD BUNDAL,,,
3390,D-FREEJ,,,
3391,AUTOPART,,,
3392,AC,,,
3393,WHEEL,,,
3394,FAAN,,,
3395,CABLE BAG,,,
3396,MEDI ,,,
3397,10-16.50 TYRE,,,
3398,155/80 D13,,,
3399,PVC BOX,,,
3400,ELECTRICAL GOODS,,,
3401,PVC BAG,,,
3402,LOSE MOTAR,,,
3403,ENGINE BOX,,,
3404,12.0/75-18 TYRE,,,
3405,COOLER BOX,,,
3406,PAPER BAG,,,
3407,WARNES BAG,,,
3408,OIL DAG,,,
3409,BIG BATTERY,,,
3410,SMALL BATTERY,,,
3411,13.00-24 TYRE,,,
3412,PATTA GONI,,,
3413,BUSH GONI,,,
3414,VARNISH BOX,,,
3415,SLEEVE GONI,,,
3416,195/60R16,,,
3417,BKT,,,
3418,DRAM,,,
3419,ALUMINIUM SHEET BUNDAL,,,
3420,BAR ,,,
3421,AC BOX,,,
3422,BLADE BOX,,,
3423,LOSE PART,,,
3424,LOOSE MOTOR,,,
3425,CHILLER BOX,,,
3426,CYCLE BAG,,,
3427,WASHING MACHINE,,,
3428,LED BOX,,,
3429,BAR BUNDAL,,,
3430,BEARING GONI,,,
3431,LOSE ROLL,,,
3432,12.5/80-18 TYRE,,,
3433,JAR LOSE,,,
3434,GREES BOX,,,
3435,BEARING BOX,,,
3436,HUB,,,
3437,TUBE GONI,,,
3438,CARBO,,,
3439,BODY PART,,,
3440,SPARE ROLL,,,
3441,90/90-10 TYRE,,,
3442,WALL  ,,,
3443,JODA BUCKET,,,
3444,175/80 D14 TYRE,,,
3445,Med,,,
3446,165/70R13 TYRE,,,
3447,SANMIKE PISCES,,,
3448,PIPE BUNDAL GONI,,,
3449,JUMBO,,,
3450,POP BOX,,,
3451,CHIAR BOX,,,
3452,SPARE,,,
3453,CHAPPAL BAG,,,
3454,5.25-14 TYRE,,,
3455,MACHINE,,,
3456,12.00/20 FM TYRE,,,
3457,POCKET,,,
3458,4.00-8 760 TYRE,,,
3459,165/70 R14 TYRE,,,
3460,JALI,,,
3461,205/75 R15 TYRE,,,
3462,ROTTOR,,,
3463,MOTOR PUMP,,,
3464,CARDON,,,
3465,5-12 TYRE,,,
3466,5.00-16,,,
3467,AXLE,,,
3468,GENRATOR BOX,,,
3469,LOKHANDI PLATE,,,
3470,175-2950 TYRE,,,
3471,PART,,,
3472,GADI BANDLE,,,
3473,JALI BUNDAL,,,
3474,LOSE BUNDAL,,,
3475,PARCEL,,,
3476,SPARE GONI,,,
3477,PUMP ,,,
3478,SPARE BOX,,,
3479,SHAFT BOX,,,
3480,PEPAR BANDLE,,,
3481,110/70-17 TYRE,,,
3482,14.00-24 TYRE,,,
3483,205/55R16,,,
3484,SPEAR SAMLL,,,
3485,COIL,,,
3486,Oil ,,,
3487,WACHINE MACHINE,,,
3488,BO,,,
3489,TWO.,,,
3490,Keball  Bandal,,,
3491,Fun,,,
3492,CEMENT,,,
3493,THIBAK BAG,,,
3494,OIL BUCKET3,,,
3495,STAND BOX,,,
3496,CAND,,,
3497,MASHIN BOX,,,
3498,447,,,
3499,23/8.5,,,
3500,MANGO BOX,,,
3501,185R14 TYRE,,,
3502,1T,,,
3503,900.16,,,
3504,SP.,,,
3505,BAR BANDIE,,,
3506,1000R20,,,
3507,10.00 R 20,,,
3508,600/16,,,
3509,23.1-26 TYRE,,,
3510,PLASTIC BAG,,,
3511,KEBAL DRUM,,,
3512,PUMP MOTAR 0.5 HP,,,
3513,Salin Stand,,,
3514,LOKHANDI DRUM,,,
3515,SOLAR,,,
3516,295/80R22.5,,,
3517,210-2470,,,
3518,S S TANK,,,
3519,PATA BANDAL,,,
3520,160-2520,,,
3521,BGA,,,
3522,HOSE PIPE,,,
3523,LOKHANDI BAR,,,
3524,7.00-15,,,
3525,900/20,,,
3526,295/90R20,,,
3527,"BOX,BAG",,,
3528,WIRE BUNDAL,,,
3529,ROL,,,
3530,C.,,0,0:00 
3531,LOSE,,,
3532,PEPER ROLL,,,
3533,TROLLY,,,
3534,BED,,,
3535,JACK BOX,,,
3536,LOOSE PUMP,,,
3537,UPC PIPE,,,
3538,LOKHANDI PATTI,,,
3539,80/1000,,,
3540,8..25,,,
3541,COOLANT BOX,,,
3542,PUMP MOTOR 12.5 HP,,,
3543,PUMP MOTOR 10HP,,,
3544,10,,,
3545,FILTER,,,
3546,TRAVEL BAG,,,
3547,PEPAR BOX,,,
3548,7.00-15 TUBE,,,
3549,DIESEL TANK,,,
3550,LOKHANDI BAR BUNDAL,,,
3551,BUCKET BUNDAL,,,
3552,TV BOX,,,
3553,WHITE BOX,,,
3554,225/50R18 TYRE,,,
3555,PACKET,,,
3556,HOOK LOOSE,,,
3557,GUM BOX,,,
3558,SPARE PART BUNDAL,,,
3559,BOX`,,,
3560,12.4-24 TYRE,,,
3561,TIN,,,
3562,OVEN BOX,,,
3563,KAPAD BAG,,,
3564,ELECTRICAL GONI,,,
3565,CAPD GAT,,,
3566,Pepsirol,,,
3567,HAIAR FREEZ,,,
3568,BOIX,,,
3569,MACHINE BOX,,,
3570,W MACHINE,,,
3571,235/60R18,,,
3572,LOKHANDI PART BUNDAL,,,
3573,CHAIR ,,,
3574,TF,,,
3575,Medicine Creat,,,
3576,SANPAL BOX,,,
3577,PUMP GONI,,,
3578,TUBE PAKET,,,
3579,CROWN  PEPAR ROLL,,,
3580,12.00-24,,,
3581,CB 10.00-20,,,
3582,CYLINDER,,,
3583,225/60/R17,,,
3584,MOTOR CYCLE,,,
3585,PLTOOD PIS,,,
3586,TUBE 145/70R12,,,
3587,14.9-24 TYRE,,,
3588,90/90-18 TYRE,,,
3589,50DRUM,,,
3590,PATTI BOX,,,
3591,6.00-12 TYRE,,,
3592,CHATTRI BUNDAL,,,
3593,200/2400,,,
3594,215/60 R17,,,
3595,B AG,,,
3596,130/90-15,,,
3597,120/80-16,,,
3598,7.50R16,,,
3599,TYRES,,,
3600,SCOOTY,,,
3601,PATRA BUMPER,,,
3602,GATE BOX,,,
3603,8-16 TYRE,,,
3604,PIPE BUNDAL`,,,
3605,WATER COOLER,,,
3606,CARGO,,,
3607,DAG,,,
3608,SHEET,,,
3609,C/R,,,
3610,AXLE BANDAL,,,
3611,BUNDAL(BODY),,,
3612,11.2-20,,,
3613,SIDE BODY,,,
3614,ROOT PANEL,,,
3615,TUBE 165/65 R13,,,
3616,ROLL BUNDAL,,,
3617,TUBE10.00-20,,,
3618,BAG BOX,,,
3619,HUD,,,
3620,PUMP LUJ,,,
3621,BOARD,,,
3622,SHEET BUNDAL,,,
4622,CHAIN KIT BOX,,,
4623,MEDICINE BOX1,,,
4624,CAR DARWAJA,,,
4625,295/18R55,,,
4626,STOL BOX,,,
4627,STOL BUNDAL,,,
4628,145R,,,
4629,DOOR PIS,,,
4630,SHOFT BUNDAL,,,
4631,8.3-12 TYRE,,,
4632,CRET PUMP,,,
4633,NOS PETI,,,
4634,SILENDER,,,
4635,PEPAR SHEET,,,
4636,BOS,,,
4637,OPENWELL,,,
4638,UPS BOX,,,
4639,BOX1,,,
4640,BARRAL,,,
4641,MIDIUM BOX,,,
4642,RAC BOX,,,
4643,CHATRI,,,
4644,PIPE ROLL,,,
4645,TUBE 8.25-16,,,
4646,CABEL GONI,,,
4647,B OX,,,
4648,MOTOR CYCLE HERO,,,
4649,215/70 R16,,,
4650,SLOT,,,
4651,185/55R16 TYRE,,,
4652,SMALL BAG,,,
4653,10.16.5 TYRE,,,
4654,5.,,,
4655,RING,,,
4656,GIFT ,,,
4657,PUMP MOTAR 1 HP,,,
4658,KAPAD BAG2,,,
4659,RATAR FRAM,,,
4660,70/100-17 TYRE,,,
4661,RING BUNDAL,,,
4662,LOSE BOX,,,
4663,420/85R28,,,
4664,PI PE BAND LE,,,
4665,175/60-15 TYRE,,,
4666,520-14 TYRE,,,
4667,PATA (LOOSE),,,
4668,195/65 R15 TYRE,,,
4669,205/50 R17 TYRE,,,
4670,RO BOX,,,
4671,CYCLE BOX,,,
4672,FOLDER,,,
4673,WASH BESIN,,,
4674,GIRNI BOX,,,
4675,ATTA CHAKI,,,
4676,PATTI BUNDAL,,,
4677,BATH TUB,,,
4678,10-16.5 TYRE,,,
4679,SEAT BUNDAL,,,
4680,CONTENER BOX,,,
4681,WOOD,,,
4682,STD PANEL STAND,,,
4683,SMALL RING,,,
4684,DRYOR,,,
4685,900.-16,,,
4686,136,,,
4687,PILO,,,
4688,185,,,
4689,TYRE ,,,
4690,VAJAN KATA,,,
4691,8.3-20 TYRE,,,
4692,FREEJ FKG320,,,
4693,FREEJ FKG120,,,
4694,175*70  TYRE,,,
4695,SAMPLE BAG,,,
4696,PVC ROLLS,,,
4697,ALUMINIUM BUNDAL,,,
4698,PATARWALI BUNDAL,,,
4699,SHUTTER PATTI,,,
4700,NATBOLT,,,
4701,KITCHEN BASKET,,,
4702,185/80 R14 TYRE,,,
4703,PATRA BUNDAL,,,
4704,DRYING MACHINE,,,
4705,PLASTIC BUNDAL,,,
4706,TUBE A,,,
4707,295/95 D20 TYRE,,,
4708,HANDLE,,,
4709,BIKE MH 12PG1764,,,
4710,GREES PETI,,,
4711,BRACKET,,,
4712,CARAGE,,,
4713,NAG,,,
4714,LOKHANDI BLOCK,,,
4715,Skid,,,
4716,10.5/65-16 TYRE,,,
4717,JCB BUKKET,,,
4718,340/85 R28 TYRE,,,
4719,14,,,
4720,CARTOON,,,
4721,PUMP ROLL AND PETI,,,
4722,SMALL PETI,,,
4723,MOTAR GADI,,,
4724,CHIAR ,,,
4725,PET,,,
4726,ROD GONI,,,
4727,STYLE BOX,,,
4728,PUMP MOTAR 2 HP,,,
4729,WIRE ROPE,,,
4730,PVC BO,,,
4731,BUK,,,
4732,RING BRACKET,,,
4733,TAKI,,,
4734,6.0016,,,
4735,GIFT BUNDAL,,,
4736,SAND FILTER,,,
4737,SAND BAG,,,
4738,JAW PLATE,,,
4739, M CYCE TYRE,,,
4740,BHANDI,,,
4741,90/100-18 TYRE,,,
4742,9,,,
4743,MOTOR PETI,,,
4744,MOTOR BOX,,,
4745,120/70-12 TYRE,,,
4746,SMALL BUCKET,,,
4747,LOKHANDI HOUSING,,,
4748,TUF,,,
4749,195 D15,,,
4750,DAVAJA,,,
4751,MH45Q6446 TWO WHEELER,,,
4752,PUMP MOTAR 25 HP,,,
4753,MICRON BOX,,,
4754,90/90-21 TYRE,,,
4755,STOOL,,,
4756,POSTER,,,
4757,KAND,,,
4758,PIANT,,,
4759,4,,,
4760,PUMP MOTAR 12.5HP,,,
4761,PUMP MOTAR 10 HP,,,
4762,17.5-25 TYRE,,,
4763,LOKHANDI WALL,,,
4764,BOTTAL,,,
4765,PATTA BUNDAL,,,
4766,14.,,,
4767,20 LT BUCCET,,,
4768,7.5 LT BUCCET,,,
4769,INVELOPE (PACKET),,,
4770,BOILER,,,
4771,HUK,,,
4772,BUNDAL BOX,,,
4773,SAMPLE BOX,,,
4774,SANMIKE PETI,,,
4775,20 LT DRUM,,,
4776,JAR GONI,,,
4777,COOL JAR GONI,,,
4778,BUSH PUM,,,
4779,REEL ,,,
4780,COLOUR.,,,
4781,10.00-20 TYRE8,,,
4782,KAGAD.,,,
4783,BANDAL`,,,
4784,`,,,
4785,1,,,
4786,50 LIT,,,
4787,BOX2,,,
4788,BAB,,,
4789,2,,,
4790,50 LT ,,,
4791,PLY,,,
4792,WOODEN PATTI,,,
4793,BHANDI BOX,,,
4794,1 PIPE BUNDLE,,,
4795,NEW PUMP ROLL,,,
4796,1 BOX,,,
4797,GADI ROLL,,,
4798,BOXES,,,
4799,BOXES`,,,
4800,3,,,
4801,BHANDI BUNDAL,,,
4802,.DRUM,,,
4803,BOXEDS,,,
4804,BUNDLE,,,
4805,0,,,
4806,MACHIN BOX,,,
4807,FIX LOAD,,,
4808,BUNDEL,,,
4809,155/70R14TYRE,,,
4810,REFRIGARATOR,,,
4811,Water Purifier,,,
4812,PIPE BUNDL,,,
4813,PIEP BUNDLE,,,
4814,380/85R28,,,
4815,COPPER BOXES,,,
4816,DUKATI BAG,,,
4817,TRIP BUNDLE,,,
4818,Box Es,,,
4819,SLEEVE BAG,,,
4820,CABLE BUNDLE,,,
4821,BEARING BAG,,,
4822,DUCATI BAG,,,
4823,CYCLE,,,
4824,120/70-14 TYRE,,,
4825,XEROX PAPER BUNDLE,,,
4826,LED TV,,,
4827,SUTALI BUNDAL,,,
4828,4 BOXES,,,
4829,FREEZER,,,
4830,PATA BUNDLE,,,
4831,3 BOXES,,,
4832,DOUBLE BOX NUNDLE,,,
4833, DRILL ROD,,,
4834,DRILL RAWD,,,
4835,AC SET,,,
4836,VAGES BAG,,,
4837,INVERTER,,,
4838,AC BOXES,,,
4839,PAPER BUNDLE,,,
4840,AC STAND,,,
4841,FAN BOXES,,,
4842,BUNDAL TOOLS,,,
4843,BUCKETS,,,
4844,PAPER BUNDEL,,,
4845,PAPER ,,,
4846,FLAP,,,
4847,GHAR SAMAN,,,
4848,JOD JALI BUNDAL,,,
4849,BAR BUNDLE,,,
4850,TRAY EGGS,,,
4851,BUSH BOX,,,
4852,VEGES BAG,,,
4853,BOOK,,,
4854,BOXS,,,
4855,DIX,,,
4856,TYLES,,,
4857,CATLY,,,
4858,RAWD BUNDLE,,,
4859,PAPER GONI ,,,
4860,GONI BAG,,,
4861,GREESE BOX,,,
4862,BUCKET `,,,
4863,D FREEZE,,,
4864,TYLES BOXES,,,
4865,SALAIN BOX,,,
4866,8.15-15 TYRE,,,
4867,BIG PATTA,,,
4868,CYLENDER,,,
4869,MARBEL,,,
4870,RUBBER BUNDLE,,,
4871,PIPE BUNDLE,,,
4872,PALANA,,,
4873,GADI BOX,,,
4874,ROLL  BUNDLE,,,
4875,AXEL GONI,,,
4876,ALUMINIUM BRACKET,,,
4877,ROLL BUNDEL,,,
4878,TYRE  BUNDLE,,,
4879,BARREL,,,
4880,RINGF BUNDLE,,,
4881,BARREL1,,,
4882,BAR BUNDEL,,,
4883,PVC GONI,,,
4884,TRO\,,,
4885,B0XES,,,
4886,RUBBER BUNDEL,,,
4887,TWO WHEELER BIKE,,,
4888,BARA,,,
4889,PAPER SHEET,,,
4890,PVC BOXES,,,
4891,BOX BUNDLE,,,
4892,JALI BUNDLE,,,
4893,AC BLADE BOX ,,,
4894,PATTI BUNDEL,,,
4895,SUNMIKA ROLL,,,
4896,245/75 R16 TYRE,,,
4897,VARNISH PETI,,,
4898,VARNISH BOXES,,,
4899,MH11BP9627 SPLENDER,,,
4900,ACTIVA  SCOOTY,,,
4901,ELECTRICALS  GOODS,,,
4902,ELECTRICALS GOODS,,,
4903,RING BUNDLE,,,
4904,SMALL BOXES+BOOK,,,
4905,PATA BUNDEL,,,
4906,JAR,,,
4907,TUE BAG,,,
4908,POP BAG,,,
4909,RING BUDLE,,,
4910,IRON PLATE,,,
4911,SLIDE,,,
4912,CABLE BUNDEL,,,
4913,CHAMBER COVER,,,
4914,RUBBER ROLL,,,
4915,MOTORS BOXES,,,
4916,ELELCTRICALS GOODS,,,
4917,185/85 R16 TYRE`,,,
4918,TYRE BUNDEL,,,
4919,BAUN,,,
4920,7.00-14,,,
4921,CHASSI,,,
4922,STEEL ROLL,,,
4923,BUBBLE ROLL,,,
4924,11 R22.5R15,,,
4925,FIBER PUMP FLOATERS,,,
4926,LONG BAG BUNDEL,,,
4927,INVERTER BOXES,,,
4928,TROLLEY,,,
4929,PATA,,,
4930,DRUM AND BUCKET,,,
4931,VEHICLE BUMPER,,,
4932,TYRE BUNDLE,,,
4933,20,,,
4934,6.14 TYRES,,,
4935,BIG BAG,,,
4936,SOLAR BOX,,,
4937,        BOX               BOX,,,
4938,DRUM 50 L,,,
4939,COPPER BAG,,,
4940,GRASS ROLL,,,
4941,PIPE JODI,,,
4942,10.00-20 TYRE2,,,
4943,OMEGA BOX,,,
4944,PLY ROLL,,,
4945,165/80 R13,,,
4946,BVOXES,,,
4947,TOILET SHEET,,,
4948,PATTI BUNDLE,,,
4949,TYLES BIG,,,
4950,SMALL TYLES,,,
4951,BOX6,,,
4952,PLASTI PIPE,,,
4953,PANNEL,,,
4954,CHASI,,,
4955,S0QA01,,,
4956,PAPER BOXES,,,
4957,BAG BUNDEL,,,
4958,COPPER GONI,,,
4959,GALLI,,,
4960,AXEL BAR,,,
4961,LONG BOX,,,
4962,PACKING BAG,,,
4963,POSTER Box,,,
4964,COOCKER HOOD,,,
4965,AATA CHAKKI BOXES,,,
4966,GONI AND BUNDEL,,,
4967,LAKDI PLY,,,
4968,WOODEN CR,,,
4969,PUMP.MOTAR,,,
4970,BAG BUNDLE,,,
4971,PUMP MOTAR LUJ,,,
4972,PUMP MOTAR 15 HP,,,
4973,SMALL ROLL,,,
4974,BUCEKT,,,
4975,BOXES1,,,
4976,ROLL / BAG,,,
4977,SMALL HOSE PIPE,,,
4978,LOSE PLATE,,,
4979,BOROSIL BOX,,,
4980,BOOKS,,,
4981,KARTOON,,,
4982,MASK POCKET,,,
4983,BX,,,
4984,BUNDAL BAG,,,
4985,PVC BAG1,,,
4986,PIPE BUNDEL AND BAG,,,
4987,RING BUNDAL AND BAG,,,
4988,16,,,
4989,COPPER BOX SMALL,,,
4990,BAG / BOX,,,
4991,TIL,,,
4992,PVCX BOXES,,,
4993,6-12 TYRE,,,
4994,TEEN BOX,,,
4995,WINDO,,,
4996,PATRAVALI BUNDEL,,,
4997,MOTOR BOXES,,,
4998,TAVA,,,
4999,DAMRU,,,
5000,SMALL PLASTIC BAG,,,
5001,REPLACEMENT MOTOR,,,
5002,BAGF,,,
5003,PUMP BOXES,,,
5004,SPEAR PART,,,
5005,PUMP MOTAR.,,,
5006,BEARING PACKET,,,
5007,FRAUD LR,,,
5008,PLYWOOD.,,,
5009,ENVOLOPE,,,
5010,GREASE BOX,,,
5011,PVC BAG8,,,
5012,PAPAER ROLE,,,
5013,LOKHANDI PATI,,,
5014,CHILLER,,,
5015,KIT BOX,,,
5016,Tractor Tyre,,,
5017,BACKET,,,
5018,STAND PATTI,,,
5019,PUMP ROO,,,
5020,9.00.16,,,
5021,145/R13 TYRE,,,
5022,10.0/75-15.,,,
5023,PAPER ROLE,,,
5024,SAILANCER,,,
5025,BATTERY.,,,
5026,BUCKET AND BOXES,,,
5027,CK,,,
5028,VARN ISH BOX,,,
5029,TUBE GONI HAF,,,
5030,PIPE BUNDAL1,,,
5031,ROLL AND BOX,,,
5032,PPE KIT BOX,,,
5033,PUMP LUJ ROLL,,,
5034,REF,,,
5035,REPALC,,,
5036,BOPXES,,,
5037,15.9-28 TYRE,,,
5038,ROLL AND DRUM,,,
5039,BUCKET AND BAG,,,
5040,RIM BUNDEL AND BAG,,,
5041,RIM BUNDAL AND BAG,,,
5042,7.00-15 TYRE,,,
5043,BOXES AND BOOK,,,
5044,1100*20 TYRE,,,
5045,COOLING TOWR,,,
5046,BASIN,,,
5047,57,,,
5048,BIX,,,
5049,WASHING MACHINE AND GIFT BOX,,,
5050,BAG BANDLE,,,
6050,3.50-08 TYRE,,,
6051,MH12EV6759 TWO WHEELLER,,,
6052,155/80R13,,,
6053,11.5/80-15.3 TYRE,,,
6054,PUMP PETI 30 HP,,,
6055,      ENGINE BOX              BOX,,,
6056,9.5-18 TYRE,,,
6057,BUX,,,
6058,00000000000000000000000000000000000000000000,,,
6059,7.50,,,
6060,16.9-28 TYRE2,,,
6061,LG 49 LU TV,,,
6062,8.25-20 TYRE8,,,
6063,SOFA,,,
6064,20FT PIPE,,,
6065,DRUN,,,
6066,+,,,
6067,KG,,,
6068,INDICATOR BOX,,,
6069,23.5-25 TYRE,,,
6070,PUMP LUJ MOTAR,,,
6071,PIPE GONI,,,
6072,Zula,,,
6073,Ghodi,,,
6074,Chikky,,,
6075,Ca,,0,0:00 
6076,PUMP MOTOR 20 HP,,,
6077,PUMP RO,,,
6078,Gare Box,,,
6079,3..........33333333333333333333333333333333333333,,,
6080,3..........33333333333333333333333333333333333333.,,,
6081,Nox,,,
6082,Dairy,,,
6083,185 D14 TYRE,,,
6084,FIBER Bandal,,,
6085,Walker,,,
6086,TYRE 825*16,,,
6087,Banner,,,
6088,WALL BOX,,,
6089,Hanger Rod,,,
6090,Ply 18mm,,,
6091,66,,,
6092,F,,,
6093,WELDING ROD BOX,,,
6094,Sdf,,,
6095,SUITCASE,,,
6096,VAYRUP,,,
6097,BAT,,,
6098,PATTi BANDAL,,,
6099,CATLari,,,
6100,FEVICOL BAKET,,,
6101,PALET,,,
6102,HOOD ,,,
6103,Gare Part,,,
6104,GARDEN PIPE,,,
6105,150/60 ZR17,,,
6106,4.00-8 TYRE,,,
6107,MOBILE BOX,,,
6108,Table,,,
6109,RAC ,,,
6110,Angle Bundle,,,
6111,Mirror,,,
6112,LOKANDI SPARE,,,
6113,C,,0,0:00 
6114,23.8.5-12 TYRE,,,
7114,LOSE TIN,,,
7115,10 FIT PIPE BUNDAL,,,
7116,COLLER BOX,,,
7117,MACHIN PETI,,,
7118,RAK,,,
7119,1000R20 TYRE,,,
7120,WAGES GONI,,,
7121,GRESS BOX,,,
7122,SAPARE PART,,,
7123,155/80 D12,,,
7124,Sensor Pocket,,,
7125,KIT,,,
7126,MOTAR PUMP,,,
7127,50 LIT DRUM,,,
7128,BOXQ,,,
7129,12.00-24 TYRE,,,
7130,GIFT PARSAL,,,
7131,Kitchen Door,,,
7132,Motar Peti,,,
7133,175/70R12,,,
7134,PVC BOXE,,,
7135,AC BLADE,,,
7136,FLEX,,,
7137,9/5/24TYRES,,,
7138,JCB TOOTH,,,
7139,SMALL PIPE BUNDAL,,,
7140,LOKHANDI JALI,,,
7141,FREEJ`,,,
7142,Jalli,,,
7143,165R14,,,
7144,185 R14,,,
7145,SILENCER,,,
7146,BIG PIPE,,,
7147,HONDA BOX,,,
7148,FARSAN,,,
7149,ROTTOR PART,,,
7150,6-14 6PR FX,,,
7151,165/D14,,,
7152,CRATE,,,
7153,SPROLKET,,,
7154,16.0/70-20 TYRE,,,
7155,155/R 13,,,
7156,Pail,,,
7157,Poils,,,
7158,235/60 R 18,,,
7159,B/C,,,
7160,FARSHI,,,
7161,Pails,,,
7162,PUSTAK,,,
7163,GAS,,,
7164,PEPAR BAG,,,
7165,PEPAR ROLL,,,
7166,Mayani Dag,,,
7167,CHEARS,,,
7168,JOTTA BOX,,,
7169,TUBE PARCEL,,,
7170,BG B,,,
7171,6.00-12TYRE,,,
7172,8.3-24 TYRE,,,
7173,MO BOX,,,
7174,8.3.20,,,
7175,11.2-28 TYRE,,,
8173,13.6.28,,,
8174,BOX/bkt,,,
8175,BIG PUMP ROLL,,,
8176,GEAR,,,
8177,RIM BANDLE,,,
8178,12.00-20 TYRE,,,
8179,HAND BROOM,,,
8180,ATTA CHAKI BOX,,,
8181,LUJ DAG,,,
8182,PAIRI,,,
8183,GATH,,,
8184,TUBE PACKET,,,
8185,MITAR BOX,,,
8186,12.4.24,,,
8187,MOTAR Box,,,
8188,DISH WASHER MACHINE,,,
8189,FOOD BAG,,,
9179,BOX5,,,
9180,PUMP MOTOR 25HP,,,
9181,CATTEL,,,
9182,PATRA Roll,,,
9183,Banner PARSAL,,,
9184,225/65R17,,,
9185,FILTER Box,,,
9186,BENCH,,,
9187,BANER,,,
9188,7.5 Liter Bkt,,,
9189,12.5-20 12PR,,,
9190,26 Lit Bucket,,,
9191,10 Lit Bucket,,,
9192,T.T PIN,,,
9193,Buckt,,,
9194,5.00-19,,,
9195,165D,,,
9196,PLYWOOD PATTI,,,
9197,20 LTR BUCKET,,,
9198,SHIGDI,,,
9199,TUBA BA,,,
9200,PATRAvali BUNDAL,,,
9201,Vaccine Box,,,
9202,Tub Bag,,,
9203,Aatta Machine,,,
9204,Tyree,,,
9205,Umbrela,,,
9206,COUNTER,,,
9207,TABEL,,,
9208,Pvc Goods,,,
9209,Shilaie Machine,,,
9210,Belt Bag,,,
9211,255/75 R16 TYRE,,,
9212,Hitter Bar,,,
9213,BIG PETI,,,
9214,CLOTHES BAG,,,
9215,Round Pipe Bundal,,,
9216,Pipe Bag,,,
9217,TUBE BA,,,
9218,MIXER,,,
9219,Pipe Bag Bundle,,,
9220,Liping Patti,,,
9221,LAKDI PETI,,,
9222,BIG BUNDAL,,,
9223,Glass Roll,,,
9224,Dozer Pump,,,
9225,HOOK BAG,,,
9226,Chair Box,,,
9227,Lokhandi Jalli,,,
9228,Genrator Peti,,,
9229,DOOR FRAME,,,
9230,245/70 R16,,,
9231,JCB 900 *16,,,
9232,6.12,,,
9233,6.14,,,
9234,MACHIN1,,,
9235,BOX BATTERY,,,
9236,TANK SOLAR,,,
9237,RING BAN,,,
9238,SMALL BUNDEL,,,
9239,BOX BAG,,,
9240,PLY 12 MM,,,
9241,PUMP MOTOR 3 HP,,,
9242,BG,,,
9243,JCB BUKKE TyreT,,,
9244,OIL BACKET,,,
9245,STEPLER BOX,,,
9246,Small Barral,,,
9247,Buket,,,
9248,LG TV,,,
9249,Boc,,,
9250,CARETE PUMP,,,
9251,BAG OF FAWADA,,,
9252,BUN,,,
9253,PUMP MOTOR 7.5 HP,,,
9254,HP Box,,,
9255,Bori,,,
9256,90/00,,,
9257,COLOUR DAG,,,
9258,COPPER PATTI,,,
9259,LUJ SPARE,,,
9260,SEAT,,,
9261,LOOSE PATRA,,,
9262,DABE,,,
9263,LOOSE PART,,,
9264,Umbrela BUNDAL,,,
9265,SCOOTER,,,
9266,265/65 R18 TYRE,,,
9267,500-12 TYRE,,,
9268,25 Liter Drum,,,
9269,Chappal Stand,,,
9270,CHAUKAT,,,
9271,Solar Panel,,,
9272,TYRE4,,,
9273,TUBE BAG`,,,
9274,BAG`,,,
10274,COOUR BAG,,,
10275,Advertisment Felx Bundal,,,
10276,MOHAL,,,
10277,GIRAN,,,
10278,BDL,,,
10279,DOOR GRILL,,,
10280,1BAG5BOX,,,
10281,H/W BAG,,,
10282,ADAPTER,,,
10283,BOX SHEET,,,
10284,POP ,,,
10285,AXCEL,,,
10286,.0,,0,0:00 
10287,55 LIT DRUM,,,
10288,LOKANDI DRUM,,,
10289,BAG1,,,
10290,TUBE 16.9/28,,,
10291,TUBE 12.00-24,,,
10292,Jupiter Scooty,,,
10293,Drum 30 Liter,,,
10294,BOLT,,,
10295,WALL BOARD,,,
10296,KAPADGATH,,,
10297,KAPA GATH,,,
10298,.,,0,0:00 
10299,LOKHANDI PALATE,,,
10300,LOKHANDI GATTU,,,
10301,900.16 Tyre,,,
10302,195/55 R15 TYRE,,,
10303,GATTI,,,
10304,Ramp,,,
10305,Hand Pump ( Bag ),,,
10306,ASMELI,,,
10307,BANDALE,,,
10308,DISK,,,
10309,KADA BANDLE,,,
10310,BO0X,,,
10311,T Lokhandi Pipe,,,
10312,BOX4,,,
10313,205-17 TYRE,,,
10314,205/60R18 TYRE,,,
10315,165/80 Car Tyre,,,
10316,185/85 D12,,,
10317,KAPAD BOX,,,
10318,BLANKET,,,
10319,Motar Pump Box,,,
10320,POSTER BUNDAL,,,
10321,Oill Box,,,
10322,AR TY,,,
10323,00.,,0,0:00 
10324,235/55 R19 TYRE,,,
10325,215/75R17,,,
10326,MEDICINEUCKET8,,,
10327,AC KIT,,,
10328,BOX/GONI,,,
10329,Jcb Addaptor ,,,
10330,Break Drum,,,
10331,916 Tyre,,,
10332,35 Liter Drum,,,
10333,Motar Bag,,,
10334,NITROGEN CYLINDER,,,
10335,825 .20 TYRE,,,
10336,TUBE BagI,,,
10337,CEMBER,,,
10338,ALUMINIUM Pipe BUNDAL,,,
10339,275/45 R 20,,,
10340,Kada,,,
10341,CHMBER PLATE,,,
10342,BUNAL,,,
10343,OLOUR BAG,,,
10344,BORA,,,
10345,BOX3,,,
10346,BAG+ BOX,,,
10347,900/20 Tyre,,,
10348,WAR RACK,,,
10349,31X10.50,,,
10350,GADHI BUNDAL,,,
10351,120/90-17 TYRE,,,
10352,8.00-19 TYRE,,,
10353,FOLDING TABLE,,,
10354,OFFICE TABLE,,,
10355,JOD BUMPER,,,
10356,LOSE MOTOR,,,
10357,SMALL CAN,,,
10358,BENCH/BOX,,,
10359,GIFT PACKET,,,
10360,LOKHANDI DARVAJA,,,
10361,PARE,,,
10362,OIL BOX/,,,
10363,Box/bandle,,,
10364,Cand/box,,,
10365,HOSE PIPE Bundal,,,
10366,CARBOY,,,
10367,BAG OF FLANGES,,,
10368,KHAKI BOX,,,
10369,5 Liter Bucket,,,
10370,GRILL,,,
10371,BIKE,,,
10372,POKLAND DATH,,,
10373,6 LIT BUCKET,,,
10374,WOODEN PETI,,,
10375,Tea Bag,,,
10376,KAPAD GAH,,,
10377,1HP MOTER,,,
10378,2HP MOTER,,,
10379,SCUTER CAP,,,
10380,TADPADRI ROLL,,,
10381,BUG,,,
10382,VAYFER,,,
10383,        BAG              BOX,,,
10384,50 KG BAG,,,
10385,25 KG BAG,,,
10386,PATA BUNDAL,,,
10387,BERING GONI,,,
10388,DOAR,,,
10389,0.,,0,0:00 
10390,OIL BARREL,,,
10391,BUCK,,,
10392,FREZZ,,,
10393,VALVE,,,
10394,000,,0,0:00 
10395,18-625 16 TYRE,,,
10396,BED BOX,,,
10397,DAIRY BOX,,,
10398,CANS,,,
10399,00,,0,0:00 
10400,145R12,,,
10401,PETI/BOX,,,
10402,ROLL BUNDLE,,,
10403,BEARING.,,,
10404,155D12,,,
10405,PVC DOOR,,,
10406,185/D14,,,
10407,RABAL BANDLE,,,
10408,HONDA GENARATOR,,,
10409,SMALL BUNDAL,,,
10410,PLYWOOD.DARWAJA,,,
10411,OILBOX,,,
10412,DRUMS,,,
10413,FREEZ,,,
10414,MEDDDD,,,
10415,BAG BUNNADAL,,,
10416,PAPPER BUNDAL,,,
10417,9.00.16tube Flap,,,
10418,RUBBER BANDAL,,,
10419,GLASS BANDLE,,,
10420,MUCHINE PETI,,,
10421,PATI BUNDAL,,,
10422,BUNDDAL,,,
10423,W M PART BOX,,,
10424,GRISS BARREL,,,
10425,SMALL PART,,,
10426,LAMINATE ROLL,,,
10427,LUJ PUMP,,,
10428,RIG BUNDAL,,,
10429,BOX BUNDAL,,,
10430,PLYWOOD ROLL,,,
10431,400.8,,,
10432,MOTER PUMP,,,
10433,ACE BOX,,,
10434,PIPE ROLL BOX,,,
10435,MH12EU5446 MOTAR CYCLE,,,
10436,FAN,,,
10437,Sugar Machine,,,
10438,JCB TYRE,,,
10439,PACKING BOX,,,
10440,CARTYRE,,,
10441,CELEDER,,,
10442,30HP PUMP ROLL,,,
10443,Plyy,,,
10444,PARSEL,,,
10445,Pump Bundale,,,
10446,Gum,,,
10447,BRUM,,,
10448,CYCLE BUNDAL,,,
10449,FAN BAG,,,
10450,Cable Bundal,,,
10451,PLY2/BOX3/BDL2,,,
10452,9.00.16tube ,,,
10453,CAER,,,
10454,215/3250,,,
10455,GIRAN Box,,,
10456,KAPA GATH PETI,,,
10457,SUNMIKE ROLL,,,
10458,CNG CYLENDER,,,
10459,CRUSHER DRUM,,,
10460,TUBE 10.00-20,,,
10461,JAR BUNDAL,,,
10462,GREASE BAG,,,
10463,BERING BOX,,,
10464,160X60R17,,,
10465,120/70R17,,,
10466,PLY25MM,,,
10467,PLY8MM,,,
10468,SPRING,,,
10469,B0X,,,
10470,265/60R18 TYRE,,,
10471,ALLUMINIUM SHIT&amp;COIL,,,
10472,240/3300,,,
10473,230-3300,,,
10474,Steel Bundal,,,
10475,BYCKET ,,,
11461,PANNEL BOX,,,
11462,BOX AND BUCKET,,,
11463,ROOL,,,
11464,RUSSI BAG,,,
11465,SHAPT BUNDAL,,,
11466,BATTERY BOARD,,,
11467,BCKET,,,
11468,145/80 R12 TYRE,,,
11469,PATRAWALI BUNDAL,,,
11470,CEMENT DRUM,,,
11471,195R15,,,
11472,PVC MOULDING BANDAL,,,
11473,255/55R18,,,
11474,HOOD BAG,,,
11475,CHILLER MACHINE,,,
11476,DEHATI BAG,,,
11477,SILVER GONI,,,
11478,CATELARI BUNDAL,,,
11479,TYRE 416,,,
11480,CONVILL BELT,,,
11481,TADPATRI ROLL,,,
11482,155/65R14,,,
11483,DISH,,,
11484,11.2.24,,,
11485,RACK,,,
11486,RUSSI BUNDAL,,,
11487,HEGAR,,,
11488,SAYKAI,,,
11489,14-9-28 TYRE,,,
11490,215/55 R18 TYRE,,,
11491,PATRA PEIT,,,
11492,LOSE PATTI,,,
11493,PAT,,,
11494,AC COIL BOX,,,
11495,CYLENDER PIPE,,,
11496,CUSHION BUNDAL,,,
11497,PVP  PATTI BOX,,,
11498,B,,,
11499,COIL BOX,,,
11500,WEIGHT,,,
11501,FLANGES,,,
11502,AURO PLANT,,,
11503,PAN SHIT,,,
11504,LOKHANDI PL,,,
11505,S H P PUMP,,,
11506,GADI ,,,
11507,TEBLE,,,
11508,DABBA,,,
11509,205MW-3250,,,
11510,LOKANDI PART BUNDA,,,
11511,20/5-25,,,
11512,HP PUMP,,,
11513,SHP,,,
11514,225/75 R17.5 TYRE,,,
11515,BAT BUNDAL,,,
11516,SAMPL,,,
11517,TANDUL POTE,,,
11518,JCB BUCKET,,,
11519,195/R 15,,,
11520,155/D 12,,,
11521,185/ R 14,,,
11522,H FRAME,,,
11523,KAICHEE,,,
11524,Y ROOP BUNDAL,,,
11525,COTTON TYPE GONI,,,
11526,SIT CAVAR BAUNDAL,,,
11527,165 R 14,,,
11528,CHIAR BANDAL,,,
11529,SERA 230-3300,,,
11530,445/95R25,,,
11531,484,,,
11532,MASHIN.,,,
11533,FARME,,,
11534,LOKANDI PLET,,,
11535,PCR,,,
11536,TRUCK TYRE,,,
11537,TRR,,,
11538,LCV,,,
11539,T-SHIRT,,,
11540,REGJIN BUNDAL,,,
11541,STAIL BOX,,,
11542,TOOLS,,,
11543,CABIN,,,
11544,KPAD BAG,,,
11545,COIL BUNDL,,,
11546,18/8.50-8,,,
11547,BUMB,,,
11548,JODA BOX,,,
11549,LUJ PART,,,
11550,CHOWKAT,,,
11551,LOKANDI PATTI,,,
11552,JOD BOX BUNDAL,,,
11553,GULLI,,,
11554,PLANT STAND,,,
11555,THOTH POINT,,,
11556,EMPTY BARAL,,,
11557,AXCEL BUNDAL,,,
11558,P0P,,,
11559,COLOUR BUNDLE,,,
11560,53\,,,
11561,LOCK PATTI,,,
11562,LOKHAND PLET,,,
11563,LOKHAND PATTI,,,
11564,BOG,,,
11565,Bo X,,,
11566,COLOUR DRUM5,,,
11567,31-10.50R 15 TYRE,,,
11568,Tayar,,,
11569,185 R142,,,
11570,JCB BREAKER PART,,,
11571,        Box              BOX,,,
12570,GADI BUNDAL,,,
12571,235/45 R18 TYRE,,,
12572,NATBOLT BAG,,,
12573,Wagholi,,,
12574,Patrali Bunddal,,,
12575,SANMAIKA  PLY,,,
12576,TYAR,,,
12577, PLY ROOL,,,
12578,Bord,,,
12579,CLAS PATI,,,
12580,MAICRON BOX,,,
12581,COAT BOX,,,
12582,WAYRU BUNDDAL,,,
12583,PTRALI BUNDAL,,,
12584,PIN,,,
12585,LOKHANDI PATTI BUNDDAL,,,
12586,BAG BUNDDAL,,,
12587,KAPDA BAG,,,
12588,BAG NUTBOLLT,,,
12589,CYLENDER TANK,,,
12590,BPX,,,
12591,PEPER BUNDAL,,,
12592,-BOX,,,
12593,MOTER BOX,,,
12594,Ms Box,,,
12595,LOKANDI RIG ,,,
12596,CAD,,,
12597,ABRO BOX,,,
12598,BATTRY BOX,,,
12599,JCB PARTS,,,
12600,AXLE END,,,
12601,HANDNER,,,
12602,SANMYKA ROLL,,,
12603,PUMP CARETE,,,
12604,ROUND PLATE,,,
12605,DISC BOX,,,
12606,185/70R15,,,
12607,CADE,,,
12608,BERING BAG,,,
12609,100/80-12 TYRE,,,
12610,110/80-12 TYRE,,,
12611,CLAS PLET,,,
12612,Helmet Box,,,
12613,BLANKET BUNDDEL,,,
12614,WELDING MACHIN,,,
12615,COPEER BOX,,,
12616,GARDEN PIPE BUNDAL,,,
12617,225/50R17TYAR,,,
12618,Drum 55 Lit,,,
12619,190/105,,,
12620,Drum 200lit,,,
12621,Lokhandi Chabi,,,
12622,SANMAIKA ROLL,,,
13619,100/90-19 TYRE,,,
13620,BIG DRIP BUNDAL,,,
13621,PLY BUNDAL,,,
13622,.Car Tyar,,0,0:00 
13623,PATRE,,,
13624,PATI ,,,
13625,PANKE,,,
13626,XEROX MACHIN,,,
13627,STIL PIPE BUNDAL,,,
13628,..CAR TYAR,C,0,0:00 
13629,",CAR TAYAR",,0,0:00 
13630,Pata Bunddal,,,
13631,15-625,,,
13632,Paper Rool,,,
13633,PCA,,,
13634,700R15 TYAR,,,
13635,COPPER BLD,,,
13636,WATER TANK,,,
13637,169R28TYAR,,,
13638,50lit Drum,,,
13639,PAPAER BUNDAL,,,
13640,RABAL BOX,,,
13641,405/70-20,,,
13642,SMALL TRACTAR,,,
13643,Sanmayka Rool,,,
13644,CHAKKI MACHIN,,,
13645,Cable,,,
13646,TYAR BUNDAL,,,
13647,55 TV,,,
13648,Kapat,,,
13649,Loose Pin,,,
13650,CHAFF CUTTTER,,,
13651,GIRNI SUP,,,
13652,445/65-22.5,,,
13653,Lokhandi Patii,,,
13654,Calender,,,
13655,CARPET ROLL,,,
13656,COMPRESSOR,,,
13657,...Car Tyar,Ca,0,0:00 
13658,Papeer Bundal,,,
13659,DARAM,,,
13660,Tayar Bundal,,,
13661,Flex Bord,,,
13662,18m Ply,,,
13663,Pop Bundal,,,
13664,750/16tyar,,,
13665,5 Lit Drum,,,
13666,Freez Patra,,,
13667,RUBBER MAT,,,
13668,15hp Pump,,,
13669,Pvc Patti,,,
13670,LOSE PACKING,,,
13671,HOSE BANDAL,,,
13672,CREAT,,,
13673,APO,,,
13674,TWO WHEELER GADEE,,,
13675,1 Lit Drum,,,
13676,4.00-10 TYRE,,,
13677,Lose Pump,,,
13678,Sanmayka Roll,,,
13679,KEBAL BANDAL,,,
13680,ROD BUNDA,,,
13681,225/75R16,,,
13682,C D,,,
13683,41lit Dabba,,,
13684,35LIT CAN,,,
13685,TAYR,,,
13686,PANEL BOX,,,
13687,Rod Box,,,
13688,SPEKER BOX,,,
13689,SPEKAR BOX,,,
13690,255/65 R18,,,
13691,Invorter Box,,,
13692,",Car Tyar",,0,0:00 
13693,700-14,,,
13694,PLY SHEET,,,
13695,RADIATOR,,,
13696,10fit Pipe Bundal,,,
13697,RUBBER BAG,,,
13698,CHIKAT TEP,,,
13699,Wair Bunddal,,,
13700,TYARE,,,
13701,GRIL BUNDAL,,,
13702,Car Tyar.,,0,0:00 
13703,FLEX BOX,,,
13704,T.SHIRT,,,
13705,LOOS BOX,,,
13706,Hydrolic Jack,,,
13707,245/45tyar,,,
13708,GARO,,,
13709,Loose Battery,,,
13710,20hp Pump,,,
13711,10hp Pump,,,
13712,B Box,,,
13713,GLASS,,,
13714,Baring Box,,,
13715,CARD BOX,,,
13716,GREES BUCKET,,,
13717,METAL PANEL,,,
13718,LOSE PART BUNDAL,,,
13719,Papaer Box,,,
13720,ROLLER,,,
13721,SANMAYAKA BUNDEL,,,
13722,BILL BOOK,,,
13723,Hose Pipe Bag,,,
13724,Bauket,,,
13725,LUJ TUBE,,,
13726,Floter,,,
13727,12.5HP PUMP,,,
13728,445/50D710,,,
13729,215/60R16,,,
13730,SHOFT ROD,,,
13731,CAR TYAR,,,
13732, BANDL,,,
13733,SAYKAL,,,
13734,CD BANDAL,,,
13735,Beg,,,
13736,GAS SEGDI,,,
13737,Boxc,,,
13738,PLASTIK ROLL,,,
13739,GONI KAPAD ROLL,,,
13740,OIL BAREL,,,
13741,TWO WHEELER TYRE JUNE,,,
13742,CHAKKA,,,
13743,PUMP NOS,,,
13744,BOXZ,,,
13745,SHP Pump,,,
13746,Pto,,,
13747, FITTINGS,,,
13748,TEE SHURT,,,
13749,JET PIPE,,,
13750,D RUM,,,
13751,FAYBAR BANDAL,,,
13752,CIDI BUNDAL,,,
13753,2.25-16 TUBE,,,
13754,GENRATOR ,,,
13755,DISK BUNDAL,,,
13756,Ply Pis,,,
13757,CHEARS BUNDAL,,,
13758,TEBAL,,,
13759,BIG TEBAL,,,
13760,SMALL TEBAL,,,
13761,BRECET,,,
13762,Cable Box,,,
13763,Stablizer Box,,,
13764,Tel Dabba,,,
13765,Loose Tin,,,
13766,Loose Peti,,,
13767,Coppor Box,,,
13768,OI ,,,
13769,CA RT,,,
13770,RICE BOX,,,
13771,Motar Crate,,,
13772,SPARE PART Box,,,
13773,Genset,,,
13774,225/55R18,,,
13775,ELECTRICAL Bag,,,
13776,Machine Peti,,,
13777,16-9-28 Tyre,,,
13778,Chain Bundal,,,
13779,Vayrup Bundal,,,
13780,Rack Box,,,
13781,Tv,,,
13782,O2 Cilender Tank ,,,
13783,295/95R20,,,
13784,Clach Plate,,,
13785,MEDIUM BATTERY,,,
13786,Huk Sutte,,,
13787,FARAME,,,
13788,1000 *20 Tyre,,,
13789,TYRR,,,
13790,Gahu Goni ,,,
13791,Genset Genrator,,,
13792,SMALL KAPAD GATH,,,
13793,BIG KAPAD GATH,,,
13794,Biox,,,
13795,Pot Goni,,,
13796,Jet Pump,,,
13797,Bush Bag,,,
13798,Klach Plate ,,,
13799,5 Liter Can,,,
13800,Rocket Pillar Box,,,
13801,BIKE MH14DG8312,,,
13802,Coopr Bos,,,
13803,Genset Box,,,
13804,AGARBATTI BAG,,,
13805,Boxx,,,
13806,Chair Jod,,,
13807,30 Kg Bag ,,,
13808,ROTAR,,,
13809,500-19 TYRE,,,
13810,BA,,,
13811,Plastic Box,,,
13812,Gareware Roll,,,
13813,Bags,,,
13814,Box Roll,,,
13815,Chakki Motar,,,
13816,PAPER BOXE,,,
13817,CAR,,,
13818,BRID,,,
13819,TRUCK TYRE1,,,
13820,BAG3,,,
13821,50 Liter Drum,,,
13822,FOM BANDAL,,,
13823,PUMP DAG,,,
13824,15 HP PUMP,,,
13825,Pattvalli Bundal,,,
13826,PCV,,,
13827,Creshar Part,,,
13828,Cooper Goni,,,
13829,PATA BANDAL`,,,
13830,7.00-r15 Tyre,,,
13831,BUSHING PLATE BOX,,,
13832,195 R15 TYRE,,,
13833,215 R15,,,
13834,1 HP ,,,
13835,10 HP,,,
13836,205/55 R17,,,
13837,PLY 25 MM,,,
13838,PLY 6 MM,,,
